<?xml version="1.0" encoding="UTF-8"?>
<project-private xmlns="http://www.netbeans.org/ns/project-private/1">
    <editor-bookmarks xmlns="http://www.netbeans.org/ns/editor-bookmarks/2" lastBookmarkId="0"/>
    <open-files xmlns="http://www.netbeans.org/ns/projectui-open-files/2">
        <group>
            <file>file:/C:/Users/Aleksandra/Desktop/TIPICA%20FINAL/TIPICA/src/pantallas/f3_puntoDeVenta.java</file>
            <file>file:/C:/Users/Aleksandra/Desktop/TIPICA%20FINAL/TIPICA/src/pantallas/f2_menuEncargado.java</file>
            <file>file:/C:/Users/Aleksandra/Desktop/TIPICA%20FINAL/TIPICA/src/pantallas/f1_login.java</file>
            <file>file:/C:/Users/Aleksandra/Desktop/TIPICA%20FINAL/TIPICA/src/pantallas/f2_menuDueno.java</file>
            <file>file:/C:/Users/Aleksandra/Desktop/TIPICA%20FINAL/TIPICA/src/pantallas/f4_generarReporte.java</file>
        </group>
    </open-files>
</project-private>
